{
       "items": [
          {
            "sys": { "id": "1" },
            "fields": {
              "title": "queen panel bed",
              "price": 10.99,
              "image": { "fields": { "file": { "url": "./images/product-1.jpeg" } } }
            }   
          },
          {
            "sys": { "id": "2" },
            "fields": {
              "title": "king panel bed",
              "price": 12.99,
              "image": { "fields": { "file": { "url": "./images/product-2.jpeg" } } }
            }
          }
        ]
    
}